-- Insert data into Users table
INSERT INTO Users (Name, Email, Password, Role) VALUES 
    ('Ali Raza', 'ali.raza@xxxx.com', 'hashed_password1', 'Customer'),
    ('Maria Khan', 'maria.khan@xxxx.com', 'hashed_password2', 'Customer'),
    ('Hassan Malik', 'hassan.malik@xxxx.com', 'hashed_password3', 'Vendor'),
    ('Ayesha Farooq', 'ayesha.farooq@xxxx.com', 'hashed_password4', 'Vendor'),
    ('Zain Ahmed', 'zain.ahmed@xxxx.com', 'hashed_password5', 'Admin');
GO

-- Insert data into Vendors table
INSERT INTO Vendors (UserID, StoreName, ContactInfo, BankDetails) VALUES
    (3, 'Tech Savvy', 'contact@techsavvy.com', 'Account12345'),
    (4, 'Trendy Attire', 'support@trendyattire.com', 'Account67890');
GO

-- Insert data into Products table
INSERT INTO Products (VendorID, Name, Description, Price, Stock, Category) VALUES
    (1, 'Gaming Headset', 'High-quality sound with noise cancellation.', 45.99, 100, 'Electronics'),
    (2, 'Denim Jacket', 'Stylish and durable for all seasons.', 59.99, 40, 'Clothing');
GO

-- Insert data into Orders table
INSERT INTO Orders (CustomerID, TotalAmount, PaymentStatus, ShippingStatus) VALUES
    (1, 145.98, 'Paid', 'Shipped'),
    (2, 59.99, 'Pending', 'Delivered');
GO

-- Insert data into OrderDetails table
INSERT INTO OrderDetails (OrderID, ProductID, Quantity, Price) VALUES
    (1, 1, 2, 45.99), -- Order 1 contains 2 units of Gaming Headset
    (2, 2, 1, 59.99);  -- Order 2 contains 1 unit of Denim Jacket
GO

-- Insert data into Payments table
INSERT INTO Payments (OrderID, PaymentMethod, PaymentStatus, Amount)
VALUES
    (1, 'Credit Card', 'Completed', 145.98),
    (2, 'PayPal', 'Completed', 59.99);
GO

-- Insert data into Shipping table
INSERT INTO Shipping (OrderID, ShippingAddress, ShippingStatus, Carrier, TrackingNumber)
VALUES
    (1, '123 Main St, City, Country', 'Shipped', 'UPS', '1Z12345E0205271688'),
    (2, '456 Elm St, City, Country', 'Delivered', 'FedEx', '6123456789012345');
GO

-- Insert data into Wishlists table
INSERT INTO Wishlists (CustomerID, ProductID)
VALUES
    (1, 2), -- Customer 1 adds Product 2 (Denim Jacket) to wishlist
    (2, 1); -- Customer 2 adds Product 1 (Gaming Headset) to wishlist
GO

-- Insert data into Reviews table
INSERT INTO Reviews (ProductID, CustomerID, Rating, ReviewText)
VALUES
    (1, 1, 5, 'Great gaming headset! Highly recommend.'),
    (2, 2, 4, 'Stylish denim jacket, but a bit pricey.');
GO
